id,name,latitude,longitude,category_name,category_id
5a48bc6660255e28c595f57e,Kohtauspaikat,60.16789,24.93165,Outdoor Sculpture,52e81612bcbc57f1066b79ed
4ef6daea0e61a0846d0a4a35,Sirocco,60.2101948806665,24.98108029926103,Monument / Landmark,4bf58dd8d48988d12d941735
4ede60d80e61d46adcae5c1a,Tapio Rautavaaran muistomerkki / Kulkurin uni,60.22978359479178,24.965326460053255,Outdoor Sculpture,52e81612bcbc57f1066b79ed
538af0f2498eff328348bc0d,Suvilahden graffitiseinä,60.185606,24.973753,Street Art,52e81612bcbc57f1066b79ee
4bb3905342959c74a81e222c,Aleksanteri II -patsas,60.169459527376716,24.95222562192228,Monument / Landmark,4bf58dd8d48988d12d941735
51f95346498e21ea62ceeac9,Helsingin pommituksissa menehtyneiden muistomerkki,60.229699638434546,25.029303842350213,Outdoor Sculpture,52e81612bcbc57f1066b79ed
4fcb6eeae4b0c665076ad726,Kohottava voima (veistos),60.159366,24.932756,Outdoor Sculpture,52e81612bcbc57f1066b79ed
59947fa9da5ede78cae4df2a,Raivaajien kaivo / Leikkivät pojat III,60.184723,25.002182,Fountain,56aa371be4b08b9a8d573547
52051ebe11d263e517d0b94f,Arvid Morne - muistopatsas,60.15400314331055,24.961536407470703,Outdoor Sculpture,52e81612bcbc57f1066b79ed
4e3b9da718a83d5b282aeda7,M. A. Castrenin muistomerkki,60.17409716784957,24.93235376425054,Outdoor Sculpture,52e81612bcbc57f1066b79ed
5b509c0c25ecca002ce99ec4,Huminaa Veistos,60.205494,24.681244,Outdoor Sculpture,52e81612bcbc57f1066b79ed
5f05a4c4311052255f1ea14a,Taiteen Kotitalo,60.403125,25.142047,Street Art,52e81612bcbc57f1066b79ee
573f68d6cd10274768d7ff6a,Mesikämmen muurahaispesällä,60.184001906819894,24.95215594768524,Outdoor Sculpture,52e81612bcbc57f1066b79ed
50334c20e4b0443114b44c93,Topelius ja lapset,60.163406,24.94573,Monument / Landmark,4bf58dd8d48988d12d941735
507bf658e4b07204c2719a6e,Väinö Tannerin patsas,60.18300850603076,24.958158495386964,Outdoor Sculpture,52e81612bcbc57f1066b79ed
52d298f8498ea0341389f498,Sodanajan naisen muistomerkki,60.181072773989314,24.94892187416553,Monument / Landmark,4bf58dd8d48988d12d941735
5b796cc2be707800391c477d,Omilla Jaloilla,60.170462,24.761653,Outdoor Sculpture,52e81612bcbc57f1066b79ed
4c23d341905a0f47f3c45e60,Merenkulkijoiden ja mereen menehtyneiden muistomerkki,60.154511678002685,24.93761322899145,Outdoor Sculpture,52e81612bcbc57f1066b79ed
4db3c8306a23c31a030a8022,Rauhanpatsas,60.15881469990017,24.961906893330053,Monument / Landmark,4bf58dd8d48988d12d941735
4ee49b00775b86c40458bece,Haaksirikkoiset-patsas,60.161833,24.955333,Outdoor Sculpture,52e81612bcbc57f1066b79ed
50758d98e4b0e79f70177a6f,Öljysäiliö 468,60.164794573372,25.01211740076542,Public Art,507c8c4091d498d9fc8c67a9
53fb34d8498e117d173cbc32,Bad Bad Boy,60.156080466189906,24.921138002421888,Outdoor Sculpture,52e81612bcbc57f1066b79ed
4bb3945b42959c74f924222c,Kolmen sepän patsas,60.16868562833084,24.94094807050224,Outdoor Sculpture,52e81612bcbc57f1066b79ed
4d611c28d7206ea807a4fcf1,Paavo Nurmen patsas,60.184310436334265,24.92696516898597,Outdoor Sculpture,52e81612bcbc57f1066b79ed
4e354e5b1f6e9e21ad4c9348,Risto Rytin Patsas,60.17764821078209,24.928847409340914,Outdoor Sculpture,52e81612bcbc57f1066b79ed
517e7fbb498e4a3bdd07eceb,Sokoksen Mediaseinä,60.17084860666007,24.93719910085481,Public Art,507c8c4091d498d9fc8c67a9
4c7ccdcba141b1f7450a6c79,Mannerheimin ratsastajapatsas,60.17145044303877,24.936212687044122,Outdoor Sculpture,52e81612bcbc57f1066b79ed
4e5ce329183883e00c0e10a2,Paasikiven patsas,60.17085581350271,24.935773687153517,Monument / Landmark,4bf58dd8d48988d12d941735
5651be84498edc1813cfc34c,Stockmannin jouluikkuna,60.168195801972566,24.942867085097937,Street Art,52e81612bcbc57f1066b79ee
4cc067aa9ca85481a436bc16,Itsekkyyden muistomerkki,60.182236001883744,24.93708091767649,Outdoor Sculpture,52e81612bcbc57f1066b79ed
4e41282a483b72d779dd58e4,Eduskuntatalon portaat,60.172587529114644,24.933905280088553,Monument / Landmark,4bf58dd8d48988d12d941735
4ef6daea0e61a0846d0a4a35,Sirocco,60.2101948806665,24.98108029926103,Monument / Landmark,4bf58dd8d48988d12d941735
4ede60d80e61d46adcae5c1a,Tapio Rautavaaran muistomerkki / Kulkurin uni,60.22978359479178,24.965326460053255,Outdoor Sculpture,52e81612bcbc57f1066b79ed
4beeb1ad2c082d7ffeb43042,Sibelius Monument,60.18203240368981,24.91360669890612,Monument / Landmark,4bf58dd8d48988d12d941735
4c440a1ef97fbe9a6da3ba30,Punaisten muistomerkki,60.2279651572218,24.882230758666992,Monument / Landmark,4bf58dd8d48988d12d941735
4bb3905342959c74a81e222c,Aleksanteri II -patsas,60.169459527376716,24.95222562192228,Monument / Landmark,4bf58dd8d48988d12d941735
5ec697d90ec9aa000717ca3b,Usko Toivo Rakkaus Veistos,60.166954,24.943764,Monument / Landmark,4bf58dd8d48988d12d941735
4dbf0accec8ea7b62b501da1,Lähde (Urho Kekkosen muistomerkki),60.17658747184833,24.9315509226776,Monument / Landmark,4bf58dd8d48988d12d941735
5003ec8ae4b0444ec31b28ae,1918 kaatuneiden saksalaissotilaiden muistomerkki,60.16404439133617,24.95356618512253,Monument / Landmark,4bf58dd8d48988d12d941735
5ada1f2d4c954c77084d6685,Kurvin kämmenen terassi,60.187696,24.962701,Monument / Landmark,4bf58dd8d48988d12d941735
4bce89a2fb84c9b66010243e,Kaupunkiseurakunnan ensimmäisen kirkon ja hautausmaan muistokivi,60.21600294534035,24.9759578704834,Monument / Landmark,4bf58dd8d48988d12d941735
5ddf8e950e7b230008d3b988,Gandhi,60.191499,24.965168,Monument / Landmark,4bf58dd8d48988d12d941735
57f13e36cd102951e587142c,"Arvo Turtiaisen muistomerkki (Raimo Utriainen, 1990)",60.18397,24.953941,Monument / Landmark,4bf58dd8d48988d12d941735
5a27d216ccad6b7bf182441b,Talvisodan muistomerkki,60.16525507999706,24.94886632427006,Monument / Landmark,4bf58dd8d48988d12d941735
4d53ee5c65586ea8f3b770c8,Kuninkaanportti / Kungsporten,60.13958,24.98995,Monument / Landmark,4bf58dd8d48988d12d941735
4e8590128b81fc32c53d7797,Battery-jättitölkki,60.382284,25.116232,Monument / Landmark,4bf58dd8d48988d12d941735
4e00fdc5fa764068a36b2f09,Tullinpuomin Rajatolppa,60.190363946037714,24.91510380847868,Monument / Landmark,4bf58dd8d48988d12d941735
4bb91819cf2fc9b6513ca002,Maailmanrauha-patsas,60.17818587258896,24.95348494601942,Monument / Landmark,4bf58dd8d48988d12d941735
4db3c8306a23c31a030a8022,Rauhanpatsas,60.15881469990017,24.961906893330053,Monument / Landmark,4bf58dd8d48988d12d941735
4c23d341905a0f47f3c45e60,Merenkulkijoiden ja mereen menehtyneiden muistomerkki,60.154511678002685,24.93761322899145,Outdoor Sculpture,52e81612bcbc57f1066b79ed
4adcdb22f964a520836021e3,Presidentinlinna,60.16823067284884,24.95661058459857,Capitol Building,4bf58dd8d48988d12a941735
4bb049c2f964a520c53f3ce3,Stockan kello,60.168808493101146,24.941744868576084,Monument / Landmark,4bf58dd8d48988d12d941735
4bb3945b42959c74f924222c,Kolmen sepän patsas,60.16868562833084,24.94094807050224,Outdoor Sculpture,52e81612bcbc57f1066b79ed
4d611c28d7206ea807a4fcf1,Paavo Nurmen patsas,60.184310436334265,24.92696516898597,Outdoor Sculpture,52e81612bcbc57f1066b79ed
4baf6153f964a5209afb3be3,Tuomiokirkko,60.170163298768465,24.952249825000763,Church,4bf58dd8d48988d132941735
4adcdb22f964a520856021e3,Dipoli,60.184968980904195,24.831953551006503,Monument / Landmark,4bf58dd8d48988d12d941735
4e5ce329183883e00c0e10a2,Paasikiven patsas,60.17085581350271,24.935773687153517,Monument / Landmark,4bf58dd8d48988d12d941735
4bb2ed4135f0c9b624e1bb83,Runebergin patsas,60.167549838150165,24.947443258151697,Monument / Landmark,4bf58dd8d48988d12d941735
4afc0db2f964a520a11f22e3,Makkaratalo,60.16991873756128,24.941636266383465,Business Center,56aa371be4b08b9a8d573517
4cc067aa9ca85481a436bc16,Itsekkyyden muistomerkki,60.182236001883744,24.93708091767649,Outdoor Sculpture,52e81612bcbc57f1066b79ed
5b7ad64a531593002c963fea,Sali 12,60.169773,24.930303,Movie Theater,4bf58dd8d48988d17f941735
4af5e40ff964a52061fe21e3,Finnkino Tennispalatsi,60.16948371895706,24.931025368448324,Multiplex,4bf58dd8d48988d180941735
56718e91498e08291d65c9a4,Riviera,60.187863,24.9577,Indie Movie Theater,4bf58dd8d48988d17e941735
5c728f93b3c961002cf51007,ISENSE,60.1694980599477,24.930671453475952,Movie Theater,4bf58dd8d48988d17f941735
5dab31a628f17a0008e0a4c9,Cinamon,60.198451,24.930814,Multiplex,4bf58dd8d48988d180941735
5bbef7ca8194fc002bbd1260,Kino Regina,60.173868696626535,24.93791341781616,Indie Movie Theater,4bf58dd8d48988d17e941735
4eb43cd78b81a81f9006301e,Finnkino Sello,60.217990749707596,24.808743925561398,Multiplex,4bf58dd8d48988d180941735
5bb0cbed6dcf04002c0e8f45,Cinamon,60.18678923241881,24.97857354098441,Multiplex,4bf58dd8d48988d180941735
4b3ba2bdf964a520997725e3,Finnkino Flamingo,60.2907703628076,24.96870230071585,Multiplex,4bf58dd8d48988d180941735
5bfec9d43e6741002c8bfd96,Finnkino Itis,60.21161457404127,25.083385680693585,Multiplex,4bf58dd8d48988d180941735
5e1f0aa0477b080007a8a17e,Flying Cinema Tour Of Helsinki,60.167492,24.958477,Movie Theater,4bf58dd8d48988d17f941735
5bfecb75e96d0c0039f18d63,Sali 3 Luxe Premium,60.21177383217166,25.082720518112183,Movie Theater,4bf58dd8d48988d17f941735
5bfecadfdd8442002cbe19b3,Sali 2,60.21174984698791,25.08281707763672,Movie Theater,4bf58dd8d48988d17f941735
5a2eab848496ca1be8fdd14a,Vuotalon Elokuvasali,60.208984,25.143366,Movie Theater,4bf58dd8d48988d17f941735
5c728ea659c423002c04d8b2,ISENSE,60.161123384568434,24.73747730255127,Movie Theater,4bf58dd8d48988d17f941735
5b30bb29b77c77002c829ccd,Sali 3,60.29063431291666,24.968866109848022,Movie Theater,4bf58dd8d48988d17f941735
58f0d15793bd634eff1c0b3b,Sali 3,60.16934962686636,24.93086725473404,Movie Theater,4bf58dd8d48988d17f941735
4d5299e407b1a0908ba8143c,Kino Juha,60.461700490368116,24.806471180656054,Movie Theater,4bf58dd8d48988d17f941735
56dc4e11498edb855531c9ef,Sali 2,60.17120421146884,24.9463767460735,Movie Theater,4bf58dd8d48988d17f941735
545e564b498e4d476e685142,WHS Teatteri Union,60.175935247001405,24.951065070349618,Indie Theater,4bf58dd8d48988d135941735
4c667237255e9521f101d6d8,Kino Tapiola,60.17883519347216,24.810858622657666,Indie Movie Theater,4bf58dd8d48988d17e941735
4bae2d04f964a520e08d3be3,Kino Engel,60.16867914639442,24.952088067844414,Indie Movie Theater,4bf58dd8d48988d17e941735
5bfeca701af8520039e51c10,IMAX® Premium,60.211586640873485,25.083338861878865,Movie Theater,4bf58dd8d48988d17f941735
4e0f2a2722711665f61bade3,KesäKino Engel,60.16897858806784,24.95175787751271,Indie Movie Theater,4bf58dd8d48988d17e941735
4c4dc43c51c2c928d7b8589d,Finnkino Omena,60.161780362826654,24.737175577907333,Multiplex,4bf58dd8d48988d180941735
4adcdb25f964a5204c6121e3,Finnkino Kinopalatsi,60.17143626473455,24.945698710740327,Multiplex,4bf58dd8d48988d180941735
4fb3c126e4b066864891bb58,Bio Rex,60.1705406761485,24.936047916643993,Indie Movie Theater,4bf58dd8d48988d17e941735
4e42446aa8092520555283dd,Myyrmäkitalo,60.26119487654466,24.853444917473084,Building,4bf58dd8d48988d130941735
56ace67038fa86e5450c02b9,Korjaamo Kino,60.18426227024173,24.91989748150407,Indie Movie Theater,4bf58dd8d48988d17e941735
4adcdb25f964a5204d6121e3,Orion,60.16639278724291,24.932824367227543,Indie Movie Theater,4bf58dd8d48988d17e941735
4adcdb23f964a520d36021e3,HAM,60.16979212211695,24.930431985121686,Art Museum,4bf58dd8d48988d18f941735
5f3ff73e14588d39c7536fdc,Suomen Valokuvataiteen Museo K1,60.168346,24.946619,Art Museum,4bf58dd8d48988d18f941735
5da72c1d29e1e50008b54991,Musiikkimuseo Fame,60.198273064017705,24.929650872945786,Museum,4bf58dd8d48988d181941735
53c55bdd498edc85041d09c4,Herttoniemen kartano,60.19103719471185,25.041716135274974,Historic Site,4deefb944765f83613cdba6e
5b2a09ab237dee00394db8d5,Saaristomuseo,60.10594,24.674535,History Museum,4bf58dd8d48988d190941735
4cc29a5306c2548188ef8a47,WeeGee,60.17888834741453,24.794757703878926,Museum,4bf58dd8d48988d181941735
4adcdb23f964a520c26021e3,Talomuseo Glims,60.22106110910246,24.680700302124023,History Museum,4bf58dd8d48988d190941735
4f782e1fe4b0c7b6e2918b0d,Tamminiemi,60.18968079921252,24.88299682195592,Museum,4bf58dd8d48988d181941735
4e22afe3d164740632133897,Suomenlinna-museo,60.14532427524162,24.987534794883977,History Museum,4bf58dd8d48988d190941735
4adcdb23f964a520b36021e3,Gallen-Kallelan museo,60.206316570620814,24.838442181861495,History Museum,4bf58dd8d48988d190941735
4adcdb23f964a520aa6021e3,Tiedekeskus Heureka / Finnish Science Center (Tiedekeskus Heureka),60.28769915328655,25.04070487832611,Science Museum,4bf58dd8d48988d191941735
4adcdb23f964a520c86021e3,Taidekoti Kirpilä,60.1778,24.92696,Museum,4bf58dd8d48988d181941735
4adcdb22f964a520896021e3,Ainola,60.45438232963305,25.086595346443204,Museum,4bf58dd8d48988d181941735
4adcdb23f964a520d16021e3,Helsingin kaupunginmuseo / Helsinki City Museum (Helsingin kaupunginmuseo),60.168996,24.954028,History Museum,4bf58dd8d48988d190941735
4adcdb23f964a520e46021e3,Espoo Museum of Modern Art (EMMA),60.17875829086233,24.794619083404537,Art Museum,4bf58dd8d48988d18f941735
503895a5e4b00c877aa56c95,Suomen luontokeskus Haltia (Haltia - Suomen luontokeskus),60.29369182697603,24.557039079146946,Exhibit,56aa371be4b08b9a8d573532
4adcdb23f964a520c66021e3,Tekniikan Museo / The Museum of Technology,60.21587401681378,24.98332897999286,Science Museum,4bf58dd8d48988d191941735
4adcdb23f964a520ad6021e3,Didrichsenin taidemuseo,60.18516400060772,24.856646790755256,Art Museum,4bf58dd8d48988d18f941735
4adcdb23f964a520b46021e3,Suomen arkkitehtuurimuseo (Museum of Finnish Architecture) (Suomen arkkitehtuurimuseo),60.16313278071235,24.947762596057146,Art Museum,4bf58dd8d48988d18f941735
4adcdb23f964a520c56021e3,Suomen Ilmailumuseo / Finnish Aviation Museum,60.3045508334242,24.961161590235065,History Museum,4bf58dd8d48988d190941735
4adcdb23f964a520b06021e3,Seurasaari Open-Air Museum (Seurasaaren ulkomuseo),60.18445268945928,24.884779305560045,Museum,4bf58dd8d48988d181941735
4adcdb23f964a520a96021e3,Suomen Kansallismuseo,60.174927,24.931978,History Museum,4bf58dd8d48988d190941735
4be54dec2468c928c1dbff42,Sinebrychoffin taidemuseo / Sinebrychoff Art Museum (Sinebrychoffin Taidemuseo / Sinebrychoff Art Museum),60.16252598185265,24.932166499264948,Art Museum,4bf58dd8d48988d18f941735
4adcdb23f964a520dc6021e3,Taidehalli,60.172127213487165,24.93101423081712,Art Gallery,4bf58dd8d48988d1e2931735
4adcdb23f964a520d46021e3,Hakasalmen huvila / Villa Hagasund,60.17440631411392,24.93313645324103,Art Gallery,4bf58dd8d48988d1e2931735
4adcdb23f964a520af6021e3,Ateneum,60.17030164536989,24.943787617144782,Art Museum,4bf58dd8d48988d18f941735
5b7bf52b396de0002cf46b08,Amos Rex,60.170643140255486,24.936529397964478,Art Museum,4bf58dd8d48988d18f941735
4adcdb23f964a520c76021e3,Luonnontieteellinen museo,60.171349882576,24.93154852286545,Science Museum,4bf58dd8d48988d191941735
4adcdb23f964a520ab6021e3,Kiasma,60.17165167467719,24.93653651822273,Art Museum,4bf58dd8d48988d18f941735
4adcdb23f964a520b16021e3,Suomen valokuvataiteen museo,60.16189,24.90414,Art Museum,4bf58dd8d48988d18f941735
4adcdb22f964a520476021e3,Tavastiaklubi,60.168412364464764,24.932991250365053,Rock Club,4bf58dd8d48988d1e9931735
4adcdb1ff964a520a55f21e3,Storyville,60.17376197249857,24.932076930999752,Jazz Club,4bf58dd8d48988d1e7931735
5bbfa6041ffed7002b5613eb,Suvilahti TBA,60.186613065952756,24.97352711856365,Music Venue,4bf58dd8d48988d1e5931735
4adcdb20f964a520c85f21e3,Juttutupa,60.17890112093717,24.947140478298103,Gastropub,4bf58dd8d48988d155941735
4c559c16a724e21e595460f8,Terrace,60.17363891786482,24.9325159604826,Beer Garden,4bf58dd8d48988d117941735
4adcdb21f964a520066021e3,Bar Mendocino,60.16584,24.931698,Beer Bar,56aa371ce4b08b9a8d57356c
4e3f85f2c65b4ec275fddc4d,Länsi-Helsingin musiikkiopisto,60.19912852364102,24.86973228823367,Music Venue,4bf58dd8d48988d1e5931735
58f5090662420b4cd63a467a,Playhouse,60.19589405338064,24.95068922380499,Music Venue,4bf58dd8d48988d1e5931735
4b1d3391f964a520e30c24e3,Oljenkorsi,60.207417671283466,24.968566184905388,Pub,4bf58dd8d48988d11b941735
4adcdb22f964a5205c6021e3,Siltanen,60.18424733568201,24.96036395915457,Bar,4bf58dd8d48988d116941735
4adcdb25f964a520446121e3,Lepakkomies,60.18758444225719,24.95962011132806,Bar,4bf58dd8d48988d116941735
4c309d44ed37a59351156903,Hard Rock House,60.19691973210333,25.054410333082384,Pub,4bf58dd8d48988d11b941735
5419e48f498e33b857570bed,Pjazza,60.16575994562227,24.94181834513433,Pizza Place,4bf58dd8d48988d1ca941735
4adcdb21f964a520fd5f21e3,Henry's Pub,60.16981493731562,24.9356596916914,Wings Joint,4bf58dd8d48988d14c941735
4adcdb22f964a5207e6021e3,Hartwall Arena,60.205682720571915,24.929210036845383,Hockey Arena,4bf58dd8d48988d185941735
4b989e5bf964a5200f4935e3,Sellosali,60.21776967187742,24.80880376887962,Concert Hall,5032792091d4c4b30a586d5c
4adcdb25f964a520566121e3,Espan lava,60.167591945386384,24.95022858014584,Music Venue,4bf58dd8d48988d1e5931735
4be908f3947820a18a95b5db,Juvenalia Musiikkiopisto,60.217657265736705,24.80896348972395,Music Venue,4bf58dd8d48988d1e5931735
4c4218ff3735be9a5b7c19a4,Club Pingviini Street Bar,60.29318831023824,25.037133217364836,Jazz Club,4bf58dd8d48988d1e7931735
5a21850bc824ae4a31059ad4,Mascot Bar & Live Stage,60.1817775990973,24.95389826101435,Bar,4bf58dd8d48988d116941735
4adcdb25f964a5205e6121e3,Casino Helsinki,60.17185662711781,24.945554921546332,Casino,4bf58dd8d48988d17c941735
4e1c8f047d8b8fe8c3091ffa,Palokärjen Treenikämpät,60.229819019001376,24.808934682100517,Rock Club,4bf58dd8d48988d1e9931735
4adcdb21f964a520e35f21e3,On the Rocks,60.171113235374094,24.945407509803772,Rock Club,4bf58dd8d48988d1e9931735
4adcdb21f964a520026021e3,Bar Loose,60.166703458301015,24.93730884737786,Rock Club,4bf58dd8d48988d1e9931735
4adcdb22f964a520516021e3,Apollo Live Club,60.16890493661522,24.93903773357215,Music Venue,4bf58dd8d48988d1e5931735
4f7d607fe4b0ffb6a37cdd8a,Hard Rock Cafe Helsinki,60.1689,24.9414828,Theme Restaurant,56aa371be4b08b9a8d573538
4c15e8cb127f9521ef1b2525,Musiikkitalo,60.17342419999999,24.9340315,Concert Hall,5032792091d4c4b30a586d5c
4adcdb25f964a520616121e3,Savoy-teatteri,60.16652526785939,24.947397708892822,Music Venue,4bf58dd8d48988d1e5931735
57a0607f498ed141105c6099,G Livelab,60.16406881783863,24.944464760717842,Music Venue,4bf58dd8d48988d1e5931735
4b64b2aaf964a52038c92ae3,The Circus,60.17077623286978,24.934076680655338,Music Venue,4bf58dd8d48988d1e5931735
4bbe21515ce0d13a0ba9df57,Rotterdam,60.16906976938815,24.932537266236917,Beer Bar,56aa371ce4b08b9a8d57356c
5f0c61b690a02b480cc62a14,Pien Brewpub,60.18459799999999,24.9606615,Brewery,50327c8591d4c4b30a586d5d
53b53f15498e31f84ce9481b,Rotterdamin terassi,60.169324,24.932196,Beer Garden,4bf58dd8d48988d117941735
5c6840f3e55d8b002cc07887,Bar Llamas,60.16346946964292,24.94237929582596,Bar,4bf58dd8d48988d116941735
5da5e7ee33812e0007c1f9b8,Bierhaus Berlin,60.19787681007801,24.92897294461727,Beer Bar,56aa371ce4b08b9a8d57356c
5cf2b1de270ee7002cb1ef4f,FLÄT no 14,60.183671,24.95173,Breakfast Spot,4bf58dd8d48988d143941735
5a60aaffe1f2287023899c85,Panema,60.18739962649576,24.956268229060118,Beer Bar,56aa371ce4b08b9a8d57356c
5bbfa6041ffed7002b5613eb,Suvilahti TBA,60.186613065952756,24.97352711856365,Music Venue,4bf58dd8d48988d1e5931735
5530c2c1498ebe46790bba10,Stadin Panimobaari,60.18677642986204,24.973148084127846,Brewery,50327c8591d4c4b30a586d5d
4adcdb20f964a520c85f21e3,Juttutupa,60.17890112093717,24.947140478298103,Gastropub,4bf58dd8d48988d155941735
58d56440326c5a4a010cdc5a,Sörkan Ruusu,60.18807774212959,24.965998468598652,Beer Bar,56aa371ce4b08b9a8d57356c
4b1d3391f964a520e30c24e3,Oljenkorsi,60.207417671283466,24.968566184905388,Pub,4bf58dd8d48988d11b941735
4c420e48e26920a11d755fe7,Sivukirjasto,60.18434851210949,24.953170936370626,Beer Bar,56aa371ce4b08b9a8d57356c
4bdac4ea63c5c9b6a8d92468,M/S Flying Dutch,60.17665474070887,24.94939461350441,Boat or Ferry,4bf58dd8d48988d12d951735
534bd84d498e7b6c30d71b39,Allas Sea Pool,60.167112178045066,24.957966669324833,Pool,4bf58dd8d48988d15e941735
4adcdb22f964a5205c6021e3,Siltanen,60.18424733568201,24.96036395915457,Bar,4bf58dd8d48988d116941735
4aea0aa8f964a520bfb821e3,Ravintola Iltakoulu,60.18828096629258,24.960354755535555,Dive Bar,4bf58dd8d48988d118941735
5173df84e4b0bb056be47496,Bar Loosister,60.186938323104485,24.961500277665653,Bar,4bf58dd8d48988d116941735
57ab4c95498ef8003be05e61,Pien Shop & Bar,60.16967317676566,24.94452640414238,Beer Store,5370f356bcbc57f1066c94c2
5a3aa3b91bc7040b773e856c,Ravintola Fat Lizard,60.18551588431524,24.820387065410614,Restaurant,4bf58dd8d48988d1c4941735
4cf22f4b6195721e4a3946c1,Mattolaituri,60.15376742902521,24.955871477723118,Wine Bar,4bf58dd8d48988d123941735
4adcdb21f964a5201e6021e3,Rytmi,60.180909762482926,24.95001312735613,Bar,4bf58dd8d48988d116941735
5eff215f80dc900007cf35c7,Senaatintorin kesäterassi 2020,60.169483,24.952327,Outdoor Event Space,56aa371be4b08b9a8d57356a
574f4f55498ec2a700a94efd,Pub Aleksis K,60.189237,24.957557,Bar,4bf58dd8d48988d116941735
5bb7564365cdf800391b1a68,Olarin Panimo,60.182907,24.82968,Brewery,50327c8591d4c4b30a586d5d
4b1972caf964a52088dd23e3,One Pint Pub,60.162014265266144,24.92006656021696,Beer Bar,56aa371ce4b08b9a8d57356c
533a7482498ebe4937dcbee6,Woolshed Bar & Kitchen,60.173534,24.939071,Burger Joint,4bf58dd8d48988d16c941735
4b577edff964a5202a3828e3,Praha,60.16949003006114,24.940499276498564,Beer Bar,56aa371ce4b08b9a8d57356c
4e2eab9222717d70585813c3,Kahvila-Ravintola Wanha Pehtoori,60.27544012317452,24.95433109109707,Restaurant,4bf58dd8d48988d1c4941735
5c93786161f070002cd94d31,Olutravintola Pikkulintu,60.1658932577839,24.93686519981724,Beer Bar,56aa371ce4b08b9a8d57356c
52c3e1ba498eeb85dd793c71,Hyväntoivonpuisto,60.15730041359991,24.917905933176538,Park,4bf58dd8d48988d163941735
57da8e80498ef451ccc4f877,Voimalaitos Merihaka,60.17953524979147,24.9629545211792,Gym / Fitness Center,4bf58dd8d48988d175941735
4adcdb26f964a520a06121e3,Kauppatori,60.167573804383125,24.953143711769716,Plaza,4bf58dd8d48988d164941735
534bd84d498e7b6c30d71b39,Allas Sea Pool,60.167112178045066,24.957966669324833,Pool,4bf58dd8d48988d15e941735
55d2203b498ee45209e9659e,Isoisänsilta,60.18203739946083,24.982674792408943,Bridge,4bf58dd8d48988d1df941735
4bc5dd675935c9b69378a6d2,Keskuspuisto,60.19999499675728,24.913558959960938,Park,4bf58dd8d48988d163941735
4bae248ff964a52076893be3,Senaatintori,60.16937710235124,24.95203277621385,Plaza,4bf58dd8d48988d164941735
4bc5392341cb76b08f2e3e6f,Uimastadion,60.188888628125426,24.92992635303195,Pool,4bf58dd8d48988d15e941735
4c1ba50db306c928a08462b7,Mustikkamaa / Blåbärslandet,60.18149314744058,24.98862110349742,Island,50aaa4314b90af0d42d5de10
4f450f52e4b00215c6531bc6,Sundsberg,60.1555466701286,24.54890349240538,Other Great Outdoors,4bf58dd8d48988d162941735
5a4ce3578a6f1771f77f726a,ELIXIA Redi,60.18695044777,24.9817943573,Gym / Fitness Center,4bf58dd8d48988d175941735
4b156e92f964a520c9ac23e3,Merihaan Pallohalli,60.179569701368145,24.962554060950872,Recreation Center,52e81612bcbc57f1066b7a26
4b0ab5d4f964a520b72623e3,Töölön kisahalli,60.18342977118588,24.925596714019775,Recreation Center,52e81612bcbc57f1066b7a26
4d43f8a54e5d37043abde593,Olympiastadion,60.18695044776968,24.927163124084473,Stadium,4bf58dd8d48988d184941735
5f379c8293ea8442f788ba74,billebeino padel factory,60.194218,24.946418,Stadium,4bf58dd8d48988d184941735
5198e8b4498e1c057444de04,Sundsbergin Stadika,60.15548822428908,24.54889290286229,Stadium,4bf58dd8d48988d184941735
4c108e63f1b6a593a4207c27,Eläintarhan urheilukenttä,60.19066235999979,24.931628549315494,Track Stadium,4bf58dd8d48988d187941735
4c20d6c18082d13a1f45f82a,Leppävaaran urheilupuisto,60.22515650173515,24.800587652154405,Recreation Center,52e81612bcbc57f1066b7a26
4bd46e0129eb9c74108791e1,Esport Arena,60.17676129579895,24.781214868833505,Gym / Fitness Center,4bf58dd8d48988d175941735
4b4edff9f964a520a4f626e3,Meilahden liikuntakeskus,60.19000299566006,24.897142388783024,Gym / Fitness Center,4bf58dd8d48988d175941735
57474d5b498eef633f26efc6,Aitio 226,60.18751585458224,24.92176651954651,Soccer Stadium,4bf58dd8d48988d188941735
4c7fdbdb51ada1cd58740410,Pallomylly,60.21912893669884,25.07911741273825,Soccer Stadium,4bf58dd8d48988d188941735
4bd26faeb221c9b6a1d0d7d0,Vuosaaren Urheilukenttä - Heteniityn Kenttä,60.21789177141562,25.13733499410463,Soccer Stadium,4bf58dd8d48988d188941735
510cd096e4b036b555514734,Koivikon urheilukenttä,60.379192571088396,25.083057634164117,Stadium,4bf58dd8d48988d184941735
4adcdb27f964a520f56121e3,Bolt Arena,60.18762253402097,24.922614097595215,Soccer Stadium,4bf58dd8d48988d188941735
4b64499bf964a52085a82ae3,Espoo Metro Areena,60.17813451158094,24.786151222450897,Hockey Arena,4bf58dd8d48988d185941735
4b6d4a3af964a5207d6f2ce3,Energia Areena,60.259903374341356,24.838542938232422,Basketball Stadium,4bf58dd8d48988d18b941735
4bc9c6ae937ca5935044a692,Myyrmäen jalkapallostadion,60.261865505120156,24.837786206509982,Soccer Stadium,4bf58dd8d48988d188941735
4b52b05ef964a520068627e3,Matinkylän jäähalli,60.15949176359863,24.751382885611857,Hockey Arena,4bf58dd8d48988d185941735
4d7b3d9979c4b1f74092e4f2,Espoonlahden harjoitushalli,60.147887153460175,24.662482738494873,Hockey Rink,56aa371be4b08b9a8d57352c
4d04af5c54d0236a368ff0d5,Keravan jäähalli,60.409550778210445,25.09287025249494,Hockey Arena,4bf58dd8d48988d185941735
4adcdb22f964a5207e6021e3,Hartwall Arena,60.205682720571915,24.929210036845383,Hockey Arena,4bf58dd8d48988d185941735
4cbc4545985db7138d704c19,Leppävaaran jäähalli - Warrior Areena,60.22400312015451,24.806182313867076,Hockey Arena,4bf58dd8d48988d185941735
4adcdb26f964a5206f6121e3,Helsingin jäähalli / Helsingfors ishall (Helsingin jäähalli),60.18926001990633,24.9223780632019,Hockey Arena,4bf58dd8d48988d185941735
50573302e4b03ac2641f953b,Esport Center Tennis,60.17553358828464,24.780900729376896,Tennis Stadium,4e39a891bd410d7aed40cbc2
4b5c914df964a520043729e3,Hernesaaren jäähalli Jääherne,60.14919665366041,24.92131449858004,Hockey Arena,4bf58dd8d48988d185941735
4becfc286e8c20a148cf6f61,Helsingin Velodromi,60.202398316794465,24.942346760338943,Football Stadium,4bf58dd8d48988d189941735
4befab72d4f70f47001c390f,Myyrmäki-halli,60.26154019980162,24.841544774760536,Soccer Field,4cce455aebf7b749d5e191f5
4be552cecf200f474d0e133c,Trio Areena,60.29981110307851,25.02787356142156,Hockey Arena,4bf58dd8d48988d185941735
4bae2f3af964a520208f3be3,Kalevan urheilupuisto,60.409665915797575,25.09138428571284,Soccer Field,4cce455aebf7b749d5e191f5
4dc508a1fa76d685cdd5e775,Töölön Pallokenttä,60.18629968447946,24.92420196533203,Soccer Stadium,4bf58dd8d48988d188941735
4c060efd7083952183207bce,Poolokenttä,60.159511188069885,24.914417266845703,Stadium,4bf58dd8d48988d184941735
4af5e40ff964a52061fe21e3,Finnkino Tennispalatsi,60.16948371895706,24.931025368448324,Multiplex,4bf58dd8d48988d180941735
5bbfa6041ffed7002b5613eb,Suvilahti TBA,60.186613065952756,24.97352711856365,Music Venue,4bf58dd8d48988d1e5931735
4adcdb20f964a520c85f21e3,Juttutupa,60.17890112093717,24.947140478298103,Gastropub,4bf58dd8d48988d155941735
56718e91498e08291d65c9a4,Riviera,60.187863,24.9577,Indie Movie Theater,4bf58dd8d48988d17e941735
4e5666e0fa763b20fd0bf66e,Vanha rahapaja,60.16929918860351,24.960348915816393,Historic Site,4deefb944765f83613cdba6e
5d8ef1745f9d590008adfdc0,Corona Baari & Bljardi,60.192009,24.949344,Bar,4bf58dd8d48988d116941735
4d43f8a54e5d37043abde593,Olympiastadion,60.18695044776968,24.927163124084473,Stadium,4bf58dd8d48988d184941735
4b1d3391f964a520e30c24e3,Oljenkorsi,60.207417671283466,24.968566184905388,Pub,4bf58dd8d48988d11b941735
5198e8b4498e1c057444de04,Sundsbergin Stadika,60.15548822428908,24.54889290286229,Stadium,4bf58dd8d48988d184941735
4baf2207f964a520e8ec3be3,Helsinki Zoo (Korkeasaaren eläintarha) (Korkeasaaren eläintarha),60.174861,24.984715,Zoo,4bf58dd8d48988d17b941735
4dfb2ec118a8fc7fb43eefe7,Kuninkaantie,60.33845242311054,25.149125276551786,Historic Site,4deefb944765f83613cdba6e
4adcdb22f964a5205c6021e3,Siltanen,60.18424733568201,24.96036395915457,Bar,4bf58dd8d48988d116941735
4c20d6c18082d13a1f45f82a,Leppävaaran urheilupuisto,60.22515650173515,24.800587652154405,Recreation Center,52e81612bcbc57f1066b7a26
4bb3905342959c74a81e222c,Aleksanteri II -patsas,60.169459527376716,24.95222562192228,Monument / Landmark,4bf58dd8d48988d12d941735
4bd46e0129eb9c74108791e1,Esport Arena,60.17676129579895,24.781214868833505,Gym / Fitness Center,4bf58dd8d48988d175941735
4bc5392341cb76b08f2e3e6f,Uimastadion,60.188888628125426,24.92992635303195,Pool,4bf58dd8d48988d15e941735
5bfec9d43e6741002c8bfd96,Finnkino Itis,60.21161457404127,25.083385680693585,Multiplex,4bf58dd8d48988d180941735
4adcdb23f964a520dc6021e3,Taidehalli,60.172127213487165,24.93101423081712,Art Gallery,4bf58dd8d48988d1e2931735
5bfeca701af8520039e51c10,IMAX® Premium,60.211586640873485,25.083338861878865,Movie Theater,4bf58dd8d48988d17f941735
4adcdb27f964a520e56121e3,Linnanmäki,60.188179,24.940485,Theme Park,4bf58dd8d48988d182941735
4be552cecf200f474d0e133c,Trio Areena,60.29981110307851,25.02787356142156,Hockey Arena,4bf58dd8d48988d185941735
4adcdb25f964a5204c6121e3,Finnkino Kinopalatsi,60.17143626473455,24.945698710740327,Multiplex,4bf58dd8d48988d180941735
4c15e8cb127f9521ef1b2525,Musiikkitalo,60.17342419999999,24.9340315,Concert Hall,5032792091d4c4b30a586d5c
4adcdb25f964a520536121e3,Kansallisooppera,60.18168988406821,24.929543422185816,Opera House,4bf58dd8d48988d136941735
4adcdb26f964a5206d6121e3,Aleksanterin teatteri,60.16352043043709,24.93358412704009,Theater,4bf58dd8d48988d137941735
4be43704bcef2d7f053602e5,Helsingin Kaupunginteatteri,60.181610612610534,24.94276355085199,Theater,4bf58dd8d48988d137941735
4adcdb23f964a520a96021e3,Suomen Kansallismuseo,60.174927,24.931978,History Museum,4bf58dd8d48988d190941735
4bd02eef9854d13aa735f74d,Vanha kirkkopuisto (Ruttopuisto),60.165951,24.939823,Park,4bf58dd8d48988d163941735
5651be84498edc1813cfc34c,Stockmannin jouluikkuna,60.168195801972566,24.942867085097937,Street Art,52e81612bcbc57f1066b79ee
4adcdb23f964a520ab6021e3,Kiasma,60.17165167467719,24.93653651822273,Art Museum,4bf58dd8d48988d18f941735
